[{"name":"Різак для металу 2450 Вт 355 мм з функцією м'якого запуску YATO YT-82181","price":6200.0,"description":"Портативний, дуже потужний різак YATO YT-82181 по металу потужністю 2450 Вт, рекомендований для професіоналів. Ідеально підходить для різання металів, заліза, труб і профілів.","category":"24ka","image_path":"media_dir/24ka/___2450__355______YATO_YT82181_1731345708.jpg"},{"name":"Шліфмашина кутова 125мм 1100Вт YATO YT-82100","price":1650.0,"description":"Компактна кутова шліфувальна машина YATO YT-82100 з двигуном потужністю 1100 Вт. Привод із конічною шестернею з високоякісної сталі генерує оберт 11000 об/хв. Корпус пилозахищений, у поличках зроблені великі отвори, що допомагають ефективно охолоджуватися двигуну. Шліфмашина оснащена запобіжником від випадкового вмикання.","category":"24ka","image_path":"media_dir/24ka/__125_1100_YATO_YT82100_1731345711.jpg"},{"name":"Кутова шліфувальна машина 850 Вт 125 мм YATO YT-82097","price":1500.0,"description":"Кутова шліфувальна машина YATO YT-82097 потужністю 850 Вт, частотою обертання 12000 об/хв та діаметром диска 125 мм. Він має найвужчий корпус «slim body» на ринку, що гарантує надійне захоплення і, отже, великий комфорт та безпеку використання. Призначений для шліфування та різання металів та мінеральних матеріалів.","category":"24ka","image_path":"media_dir/24ka/___850__125__YATO_YT82097_1731345713.jpg"},{"name":"Шліфмашина кутова 125мм YATO YT-82101","price":1900.0,"description":"Кутова шліфувальна машина YATO YT-82101 призначена для виконання будівельних і ремонтних робіт, пов'язаних із різанням і шліфуванням різних поверхонь, зокрема й неіржавкої сталі. Дуже міцна кутова шліфувальна машина, рекомендована для професіоналів. Обладнана зручною регульованою ручкою. Кабель живлення виготовлений із матеріалу, стійкого до механічних ушкоджень.","category":"24ka","image_path":"media_dir/24ka/__125_YATO_YT82101_1731345714.jpg"},{"name":"Диск-фреза шліфувальний по дереву та алюмінію 125 мм YATO YT-59165","price":900.0,"description":"Формування дозволяє виконувати фрезерування, шліфування, художню роботу - ліплення, відшарування старих захисних покриттів та фарб у великих площинах, вигин кромок, підбір та очищення.","category":"24ka","image_path":"media_dir/24ka/______125__YATO_YT59165_1731345716.jpg"},{"name":"Шліфмашина кутова 230мм YATO YT-82110","price":3900.0,"description":"Кутова шліфувальна машина YATO YT-82110 призначена для виконання будівельних і ремонтних робіт, пов'язаних з різкою і шліфуванням різних поверхонь. Дуже міцна кутова шліфувальна машина, рекомендована для професіоналів. Оснащена зручною регульованою ручкою. Кабель живлення виготовлений з матеріалу, стійкого до механічних пошкоджень.","category":"24ka","image_path":"media_dir/24ka/__230_YATO_YT82110_1731345718.jpg"},{"name":"Шліфмашина кутова акумуляторна 125мм YATO YT-82827","price":1950.0,"description":"Потужна і зручна кутова шліфувальна машина YATO YT-82827, розрізає приблизно 50 арматурних стрижнів діаметром 10 мм або удвічі більше за 6 мм гладких стрижнів або нарізних стрижнів M8 зі сталі 4.8 мм за одного заряду батареї. Висока швидкість обертання 10000 об./хв дає змогу ефективно працювати в місцях, де немає живлення від електромережі. Конструкція перемикача та його розміщення в середній частині електроінструменту полегшують роботу.","category":"24ka","image_path":"media_dir/24ka/___125_YATO_YT82827_1731345721.jpg"},{"name":"Насадка для шліфування плитки під кутом YATO YT-82985","price":1050.0,"description":"Насадка YATO YT-YT-82985 призначена для шліфування кромок керамічної та керамогранітної плитки під кутом 45 градусів. Використання насадки значно прискорює роботу, підвищує точність підготовки плитки та дозволяє підключити пилосос. Незамінний при розстановці кераміки на полицях з гіпсокартону, стінах, дверних та віконних одвірках, а також на сходах.","category":"24ka","image_path":"media_dir/24ka/______YATO_YT82985_1731345723.jpg"},{"name":"Пневматична болгарка YATO YT-09675","price":2400.0,"description":"Пневматична кутова шліфувальна машина YATO YT-09675 призначена для роботи в майстернях і промислових умовах. Використовується для різання й шліфування.","category":"24ka","image_path":"media_dir/24ka/__YATO_YT09675_1731345725.jpg"},{"name":"Кутова шліфувальна машина 125мм 1700Вт (10500 хв⁻¹) YATO YT-821023","price":2700.0,"description":"Одна з найпотужніших кутових шліфувальних машин діаметром 125 мм на ринку YATO YT-821023. Призначений для різання прокату, чавуну, литої сталі, твердих мінеральних та композиційних матеріалів, наприклад: керамограніту, бетону, клінкеру. Завдяки регулюванню швидкості та системі підтримки низької швидкості він також підходить для шліфування нержавіючої сталі.","category":"24ka","image_path":"media_dir/24ka/___125_1700_10500__YATO_YT821023_1731345728.jpg"},{"name":"Кутова шліфувальна машина 125мм 1700Вт (2850-10500 хв⁻¹) YATO YT-821024","price":3000.0,"description":"Одна з найпотужніших кутових шліфувальних машин діаметром 125 мм на ринку YATO YT-821024. Призначений для різання прокату, чавуну, литої сталі, твердих мінеральних та композиційних матеріалів, наприклад: керамограніту, бетону, клінкеру. Завдяки регулюванню швидкості та системі підтримки низької швидкості він також підходить для шліфування нержавіючої сталі.","category":"24ka","image_path":"media_dir/24ka/___125_1700_285010500__YATO_YT821024_1731345730.jpg"},{"name":"Пневматична болгарка YATO YT-09715","price":850.0,"description":"Пневматичний різак YATO YT-09715 живиться від струменя стисненого повітря під тиском. З допомогою різних кіл дозволяє різати метал, елементи кузова, пластинчастих конструкцій. Застосовується в автомобільних сервісах і в промисловості.","category":"24ka","image_path":"media_dir/24ka/__YATO_YT09715_1731345733.jpg"},{"name":"Диск-фреза універсальний по дереву 125 мм YATO YT-59167","price":800.0,"description":"Косий рашпіль діаметром 125 мм YATO YT-59167 для шліфування та фрезерування.","category":"24ka","image_path":"media_dir/24ka/____125__YATO_YT59167_1731345735.jpg"},{"name":"Акумуляторна болгарка YATO YT-82826","price":3250.0,"description":"Потужна та зручна кутова шліфувальна машина YATO YT-82826 розрізає приблизно 50 арматурних стрижнів діаметром 10 мм або вдвічі більше 6-мм гладких стрижнів або нарізних стрижнів M8 зі сталі 4.8 мм за одного заряду батареї. Висока швидкість обертання 10000 об./хв дає змогу ефективно працювати в місцях, де немає живлення від електромережі. Конструкція перемикача та його розміщення в середній частині електроінструменту полегшують роботу.","category":"24ka","image_path":"media_dir/24ka/__YATO_YT82826_1731345737.jpg"},{"name":"Кругла шліфувальна головка 225мм для YATO YT-82353","price":300.0,"description":"Підошва для шліфувальної машини діаметр 225 мм, YATO YT-82353 кріплення наждакового листа на липучці, що полегшує швидку заміну витратного матеріалу. Робочий пил збирається та виходить через 8 спеціальних отворів.","category":"24ka","image_path":"media_dir/24ka/___225__YATO_YT82353_1731345739.jpg"},{"name":"Шліфмашина кутова акумуляторна 125 мм YATO YT-82828","price":5300.0,"description":"Потужна і зручна кутова шліфувальна машина, яка розрізає близько 45 арматурних стержнів діаметром 10 мм або майже вдвічі більше гладких стрижнів 6 мм або різьбових стрижнів M8 зі сталлю 4,8 на одному заряді батареї. Конструкція вимикача і його розташування в середині електроінструменту полегшують роботу. Висока швидкість в класі акумуляторних шліфувальних машінгарантірует швидку різку в діапазоні мережевих шліфувальних машин.","category":"24ka","image_path":"media_dir/24ka/___125__YATO_YT82828_1731345742.jpg"},{"name":"Кутова шліфувальна машина 100мм 1300Вт (1300-2100 хв⁻¹) YATO YT-82161","price":4800.0,"description":"Прецизійна шліфувальна машина YATO YT-82161 для обробки поверхонь та кромок гранітних плит та зняття фасок з керамограніту. Мокра та сухе шліфування полірувальними дисками. Залишає полірований край без пошкоджень, що дозволяє з'єднати плитку під кутом 45 градусів без дистанційних пластикових планок. Шліфування плитки після перпендикулярного розкрою залишає заводську якість, що дозволяє зменшити або скоригувати її розмір. Шліфмашину можна використовувати для обробки сходів гранітних сходів, гранітних тротуарів, кам'яних підвіконь, а також елементів облицювання з польових каменів, вапняку, мармуру, терраццо.","category":"24ka","image_path":"media_dir/24ka/___100_1300_13002100__YATO_YT82161_1731345745.jpg"},{"name":"Різак пневматичний YATO YT-09717","price":900.0,"description":"Різак пневматичний 75 мм YATO YT-09717  це професійний різак з подачею стисненого повітря під тиском. За допомогою ріжучих дисків це дозволяє різати метал, елементи кузова і конструкції з листового металу. Використовується в автомобілебудуванні і промисловості.","category":"24ka","image_path":"media_dir/24ka/__YATO_YT09717_1731345747.jpg"},{"name":"Штатив для болгарки 230мм з чавунною основою Yato YT-82976","price":1900.0,"description":"Універсальний штатив для роботи з УШМ. Стабільна основа з литої сталі оснащена міцними швидкозатискними лещатами. Опорні профілі великого перерізу та подвійна зворотна пружина дозволяють використовувати важку шліфувальну машину. Горизонтальний кут різання точно встановлюється завдяки ручкам. ","category":"24ka","image_path":"media_dir/24ka/___230____Yato_YT82976_1731345750.jpg"},{"name":"Кутова шліфувальна машина 230 мм YATO YT-82105","price":3600.0,"description":"Шліфмашина кутова електрична 2400 Вт YATO YT-82105 – потужна базова модель з довгою ручкою в лінійці. Ідеальний вибір для шліфування та різання.","category":"24ka","image_path":"media_dir/24ka/___230__YATO_YT82105_1731345752.jpg"},{"name":"Штроборіз 1700 Вт 125 мм YATO YT-82015","price":4750.0,"description":"Універсальний нарізчик стін, який можна використовувати для поздовжньої і безкурного різання при підключенні до пилососа або в якості потужної кутової шліфувальної машини після зняття кришки паза і установки стандартного кожуха диска кутової шліфувальної машини (не входить в комплект).","category":"24ka","image_path":"media_dir/24ka/_1700__125__YATO_YT82015_1731345754.jpg"},{"name":"Кутова шліфувальна машина 125 мм YATO YT-82099","price":2250.0,"description":"Основні характеристики:","category":"24ka","image_path":"media_dir/24ka/___125__YATO_YT82099_1731345758.jpg"},{"name":"Кутова шліфувальна машина 125 мм з контролем швидкості YATO YT-82098","price":2000.0,"description":"Основні характеристики:","category":"24ka","image_path":"media_dir/24ka/___125_____YATO_YT82098_1731345760.jpg"}]